epoch,time,train/box_loss,train/pose_loss,train/kobj_loss,train/cls_loss,train/dfl_loss,metrics/precision(B),metrics/recall(B),metrics/mAP50(B),metrics/mAP50-95(B),metrics/precision(P),metrics/recall(P),metrics/mAP50(P),metrics/mAP50-95(P),val/box_loss,val/pose_loss,val/kobj_loss,val/cls_loss,val/dfl_loss,lr/pg0,lr/pg1,lr/pg2
1,10.6869,1.56456,7.11795,0.68747,2.98497,1.88529,0.15397,0.04672,0.04908,0.01423,0.00346,0.22992,0.00247,0.00087,2.68358,8.24295,0.55717,4.24846,3.26897,0.06832,0.00032,0.00032
2,19.3897,1.11714,6.30666,0.68138,1.58118,1.47586,0.49892,0.51992,0.54062,0.31396,0.03668,0.08128,0.01959,0.00365,1.3336,7.42289,0.46321,2.06309,1.7055,0.0356499,0.000649929,0.000649929
3,27.9955,1.09348,5.59127,0.68562,1.3813,1.43635,0.74751,0.64019,0.66132,0.4337,0.03466,0.14753,0.02203,0.00574,1.06903,7.29775,0.42719,3.6504,1.57461,0.00297957,0.000979574,0.000979574
4,36.682,1.07883,5.09552,0.66104,1.3656,1.41804,0.68661,0.8006,0.77129,0.54024,0.20569,0.22881,0.09907,0.01948,1.06246,6.70966,0.44652,1.51758,1.53258,0.000999023,0.000999023,0.000999023
5,45.1054,1.03361,4.60118,0.65756,1.24429,1.38888,0.85267,0.75269,0.84149,0.5868,0.28312,0.22533,0.14234,0.04498,1.03427,6.51685,0.461,1.34691,1.50443,0.000998264,0.000998264,0.000998264
6,53.7315,1.03689,4.27815,0.66348,1.22938,1.38189,0.70392,0.76826,0.81481,0.54454,0.1813,0.33144,0.10718,0.02391,1.12988,6.54431,0.49929,1.23382,1.58739,0.000997288,0.000997288,0.000997288
7,62.2021,0.99519,4.23319,0.65173,1.21609,1.35378,0.79327,0.76945,0.80693,0.55362,0.27152,0.26281,0.1262,0.03932,1.03133,6.36761,0.48957,1.20235,1.42427,0.000996097,0.000996097,0.000996097
8,70.687,1.03181,4.16083,0.6312,1.23336,1.37118,0.72786,0.71478,0.78616,0.53996,0.3679,0.37524,0.23923,0.0671,1.13272,5.9496,0.46896,1.22865,1.59173,0.00099469,0.00099469,0.00099469
9,79.2246,0.98051,4.14004,0.63871,1.15228,1.32806,0.82342,0.72739,0.82149,0.63344,0.33592,0.31531,0.19374,0.06695,0.85091,5.99255,0.45992,1.08269,1.32892,0.000993068,0.000993068,0.000993068
10,91.8449,0.98139,3.91124,0.63841,1.16399,1.32717,0.72548,0.76394,0.79781,0.54735,0.23984,0.35389,0.14955,0.04864,0.99126,6.08599,0.44117,1.12515,1.45138,0.000991232,0.000991232,0.000991232
11,100.227,0.92014,3.91993,0.6282,1.08097,1.29707,0.82999,0.83571,0.88157,0.70159,0.41413,0.40639,0.25158,0.06966,0.73183,5.86678,0.46292,0.93237,1.20649,0.000989183,0.000989183,0.000989183
12,108.98,0.91856,3.89961,0.63063,1.03148,1.2795,0.82984,0.7908,0.87581,0.64899,0.50076,0.426,0.33147,0.08258,0.85705,5.73698,0.46028,0.92395,1.27464,0.000986922,0.000986922,0.000986922
13,117.297,0.91557,3.71175,0.63026,1.05804,1.28989,0.85936,0.79854,0.8935,0.70508,0.50378,0.44039,0.31194,0.08945,0.76152,5.69206,0.44033,0.87193,1.19605,0.000984449,0.000984449,0.000984449
14,125.944,0.89023,3.65799,0.60864,1.027,1.2816,0.80234,0.77515,0.86351,0.64716,0.44727,0.42141,0.31012,0.08576,0.87771,5.49164,0.39371,1.10932,1.26626,0.000981765,0.000981765,0.000981765
15,134.429,0.92331,3.67263,0.61332,1.06709,1.29332,0.84399,0.75158,0.81934,0.67466,0.44445,0.42426,0.28969,0.08977,0.80423,5.72623,0.40415,1.13348,1.23467,0.000978873,0.000978873,0.000978873
16,142.809,0.9048,3.50183,0.59978,1.05897,1.27757,0.89376,0.86296,0.91521,0.7283,0.52792,0.5223,0.44491,0.12501,0.78726,5.38733,0.39451,0.81175,1.24512,0.000975773,0.000975773,0.000975773
17,151.311,0.89954,3.49954,0.58932,1.00752,1.27926,0.85869,0.87084,0.92824,0.75787,0.44428,0.34202,0.24529,0.07155,0.74384,5.86438,0.37761,0.72894,1.17899,0.000972466,0.000972466,0.000972466
18,159.769,0.89765,3.45119,0.57702,0.99485,1.28851,0.8237,0.83927,0.90338,0.7308,0.3765,0.40354,0.27514,0.08498,0.78611,5.77882,0.40715,0.82894,1.19539,0.000968955,0.000968955,0.000968955
19,168.283,0.87133,3.67954,0.56986,0.96724,1.25466,0.926,0.855,0.94717,0.78253,0.48202,0.49466,0.3598,0.09124,0.67779,5.62525,0.31877,0.64356,1.16373,0.000965239,0.000965239,0.000965239
20,176.759,0.86372,3.50418,0.53932,0.95658,1.2594,0.86992,0.87581,0.93373,0.76978,0.5106,0.44497,0.33117,0.09505,0.70775,5.46115,0.32128,0.72533,1.17514,0.000961322,0.000961322,0.000961322
21,185.104,0.85224,3.46989,0.53318,0.95597,1.24041,0.82843,0.85136,0.91808,0.77786,0.57132,0.42191,0.39379,0.113,0.65171,5.26421,0.29071,0.82084,1.10763,0.000957205,0.000957205,0.000957205
22,193.651,0.83443,3.48774,0.52734,0.94981,1.22774,0.94276,0.8784,0.94892,0.79211,0.49906,0.46173,0.32743,0.09933,0.67357,5.36,0.3307,0.62044,1.13483,0.000952889,0.000952889,0.000952889
23,202.105,0.84794,3.46653,0.52237,0.93506,1.23812,0.83699,0.8697,0.93303,0.75955,0.49157,0.52545,0.40357,0.10729,0.7259,5.03907,0.26243,0.69667,1.17119,0.000948377,0.000948377,0.000948377
24,210.489,0.82332,3.37349,0.51227,0.88888,1.21989,0.90989,0.87318,0.95792,0.80892,0.54702,0.45019,0.40502,0.09885,0.59141,5.29988,0.25599,0.61775,1.0663,0.000943671,0.000943671,0.000943671
25,219.059,0.80626,3.39645,0.51204,0.8563,1.21512,0.86395,0.90085,0.94739,0.77433,0.58081,0.49747,0.42332,0.113,0.67089,5.21375,0.29459,0.62896,1.11352,0.000938772,0.000938772,0.000938772
26,227.493,0.82503,3.38586,0.50889,0.92272,1.21931,0.79254,0.89495,0.92919,0.76862,0.53949,0.52688,0.42783,0.12801,0.66286,5.18378,0.2787,0.75502,1.09978,0.000933683,0.000933683,0.000933683
27,235.898,0.81234,3.33818,0.49266,0.87771,1.21094,0.89619,0.95001,0.96894,0.81943,0.55791,0.55306,0.43707,0.12039,0.59323,5.28801,0.26357,0.57705,1.05659,0.000928405,0.000928405,0.000928405
28,248.35,0.80628,3.26558,0.48971,0.86121,1.2015,0.92802,0.9146,0.96393,0.80998,0.52223,0.50901,0.37412,0.0942,0.61483,5.34779,0.25626,0.56087,1.07829,0.000922942,0.000922942,0.000922942
29,256.836,0.80513,3.19325,0.49434,0.88216,1.21414,0.87561,0.80945,0.89359,0.72523,0.66276,0.5234,0.48332,0.14436,0.7604,5.04796,0.27286,0.81401,1.19061,0.000917296,0.000917296,0.000917296
30,265.29,0.79196,3.2117,0.49715,0.85727,1.2013,0.90223,0.85705,0.9152,0.78461,0.53926,0.52295,0.40972,0.11017,0.61554,5.07081,0.23636,0.73563,1.09245,0.000911469,0.000911469,0.000911469
31,273.66,0.78588,3.15283,0.48269,0.85045,1.18956,0.94678,0.90347,0.9587,0.82023,0.70111,0.66284,0.60766,0.17934,0.6148,4.47237,0.23167,0.61419,1.09169,0.000905463,0.000905463,0.000905463
32,282.431,0.74781,3.08796,0.47225,0.81606,1.17325,0.84961,0.93201,0.93508,0.80914,0.58955,0.61472,0.51247,0.17187,0.56304,4.86172,0.22764,0.57601,1.05293,0.000899282,0.000899282,0.000899282
33,290.91,0.76845,2.8431,0.47795,0.82498,1.20031,0.93449,0.9208,0.97334,0.83777,0.68042,0.67622,0.61131,0.21328,0.58663,4.60008,0.20456,0.55571,1.07481,0.000892928,0.000892928,0.000892928
34,299.378,0.73983,2.99164,0.4823,0.7825,1.16876,0.91953,0.94639,0.96902,0.83071,0.65687,0.66176,0.55876,0.21229,0.59557,4.41735,0.22881,0.5594,1.06233,0.000886404,0.000886404,0.000886404
35,308.213,0.73715,2.79061,0.47821,0.79538,1.16165,0.94139,0.9461,0.96704,0.84278,0.69667,0.65858,0.57032,0.19417,0.57531,4.51011,0.22216,0.54234,1.06003,0.000879713,0.000879713,0.000879713
36,316.688,0.74741,2.93566,0.47178,0.81933,1.17469,0.94338,0.90775,0.97253,0.83449,0.72604,0.65344,0.5993,0.22342,0.57788,4.5603,0.1973,0.55459,1.04058,0.000872857,0.000872857,0.000872857
37,325.3,0.72428,2.93079,0.47434,0.78476,1.17075,0.90702,0.94942,0.96429,0.83649,0.58231,0.57527,0.45236,0.15279,0.60312,5.01515,0.23604,0.52601,1.09451,0.000865839,0.000865839,0.000865839
38,333.803,0.72547,2.7162,0.47573,0.77786,1.16627,0.94797,0.93604,0.97337,0.85323,0.84731,0.71094,0.69564,0.25128,0.55152,4.30102,0.21725,0.49894,1.03405,0.000858664,0.000858664,0.000858664
39,342.15,0.72415,2.68362,0.46946,0.80336,1.16669,0.86202,0.94127,0.96981,0.8277,0.68663,0.698,0.64232,0.20364,0.58136,4.48726,0.26953,0.54094,1.04043,0.000851333,0.000851333,0.000851333
40,350.733,0.73516,2.79227,0.47251,0.78352,1.1717,0.89888,0.95625,0.9707,0.85144,0.75078,0.65348,0.61292,0.21405,0.5718,4.59983,0.22656,0.50313,1.04774,0.000843851,0.000843851,0.000843851
41,359.142,0.70443,2.81312,0.47023,0.75017,1.15472,0.92379,0.94813,0.96274,0.83776,0.77024,0.70036,0.64548,0.24473,0.54162,4.35172,0.2285,0.52652,1.00697,0.00083622,0.00083622,0.00083622
42,367.595,0.72136,2.82054,0.46875,0.76881,1.15388,0.93761,0.92853,0.97186,0.86108,0.75182,0.73608,0.68172,0.25927,0.51299,4.18371,0.22894,0.48133,1.02547,0.000828443,0.000828443,0.000828443
43,376.21,0.7049,2.78168,0.45818,0.73395,1.13653,0.92903,0.95814,0.97488,0.86506,0.70226,0.6923,0.65325,0.25991,0.50691,4.21658,0.24365,0.47267,0.99803,0.000820525,0.000820525,0.000820525
44,384.697,0.70275,2.62658,0.45749,0.74691,1.16019,0.95369,0.95708,0.96911,0.82838,0.69803,0.68608,0.63163,0.23273,0.5537,4.31578,0.19843,0.49408,1.01479,0.000812468,0.000812468,0.000812468
45,393.149,0.70538,2.65022,0.4596,0.74108,1.14241,0.92286,0.88537,0.95952,0.86528,0.73271,0.70383,0.67637,0.25302,0.47603,4.08412,0.21052,0.59443,0.95605,0.000804277,0.000804277,0.000804277
46,401.636,0.66977,2.62987,0.4522,0.70171,1.12109,0.94342,0.94629,0.97397,0.88035,0.75673,0.74241,0.69712,0.27869,0.48484,4.09245,0.20636,0.46044,0.9843,0.000795954,0.000795954,0.000795954
47,410.198,0.69503,2.68382,0.4532,0.72618,1.13822,0.97727,0.95459,0.97927,0.87377,0.70941,0.68615,0.6302,0.23182,0.49799,4.43141,0.22395,0.43971,0.97662,0.000787503,0.000787503,0.000787503
48,418.639,0.67778,2.64853,0.46131,0.70292,1.12025,0.94398,0.96426,0.9758,0.86587,0.772,0.73261,0.71557,0.28705,0.51868,4.07572,0.23354,0.43838,0.99667,0.000778929,0.000778929,0.000778929
49,427.091,0.69357,2.57418,0.45978,0.69222,1.13458,0.93214,0.91025,0.94338,0.8512,0.75365,0.73435,0.66688,0.27277,0.45937,3.98047,0.20907,0.50168,0.95114,0.000770234,0.000770234,0.000770234
50,435.499,0.68306,2.54673,0.45339,0.71763,1.13781,0.92152,0.94557,0.97754,0.85824,0.79091,0.75167,0.74788,0.29667,0.51943,3.93645,0.20076,0.45001,0.99762,0.000761423,0.000761423,0.000761423
51,444.102,0.66885,2.52792,0.44742,0.69285,1.11538,0.96598,0.95809,0.98209,0.88806,0.78646,0.79588,0.75699,0.29463,0.46526,3.8819,0.19254,0.4235,0.95263,0.0007525,0.0007525,0.0007525
52,452.698,0.65654,2.50257,0.45429,0.689,1.11743,0.90489,0.95037,0.96255,0.8667,0.80525,0.68877,0.72925,0.27017,0.50924,4.108,0.24883,0.4966,0.98569,0.000743468,0.000743468,0.000743468
53,461.229,0.66276,2.45949,0.45836,0.67631,1.12674,0.91672,0.97111,0.97115,0.87419,0.76227,0.78634,0.71113,0.29619,0.47587,3.88441,0.19359,0.44366,0.97855,0.000734332,0.000734332,0.000734332
54,469.721,0.6494,2.55228,0.431,0.66784,1.09966,0.9343,0.95654,0.98007,0.88648,0.77703,0.76175,0.68925,0.25495,0.47952,4.0577,0.20768,0.43095,0.96252,0.000725094,0.000725094,0.000725094
55,478.21,0.65002,2.46199,0.43995,0.67145,1.10743,0.9596,0.90471,0.98028,0.90058,0.84186,0.7935,0.80389,0.31922,0.43297,3.74318,0.22519,0.41337,0.92811,0.000715761,0.000715761,0.000715761
56,486.76,0.64112,2.3465,0.43882,0.65734,1.1079,0.94128,0.94292,0.98097,0.87901,0.80213,0.7568,0.73796,0.2998,0.49257,3.99422,0.19532,0.45232,0.9797,0.000706335,0.000706335,0.000706335
57,495.122,0.64508,2.44762,0.43924,0.65763,1.11313,0.96538,0.98073,0.98808,0.90063,0.86866,0.8419,0.82288,0.34545,0.4351,3.59406,0.20917,0.36972,0.95592,0.00069682,0.00069682,0.00069682
58,503.626,0.6362,2.45959,0.44544,0.65456,1.10823,0.97306,0.97322,0.98634,0.89471,0.83821,0.83789,0.81441,0.32846,0.44231,3.63984,0.19344,0.38996,0.9606,0.000687222,0.000687222,0.000687222
59,512.092,0.63129,2.36911,0.41941,0.66283,1.0934,0.92419,0.95692,0.97786,0.88809,0.79374,0.74241,0.6923,0.29729,0.4853,3.83562,0.20581,0.42178,0.98587,0.000677543,0.000677543,0.000677543
60,520.557,0.61814,2.36973,0.43215,0.6442,1.09098,0.91504,0.96925,0.97789,0.88146,0.79148,0.7666,0.74057,0.30329,0.47927,3.87604,0.21891,0.42919,0.97192,0.000667789,0.000667789,0.000667789
61,529.118,0.6366,2.28886,0.43445,0.63871,1.10459,0.94885,0.94916,0.97531,0.85989,0.82701,0.78002,0.78714,0.31341,0.51158,3.75947,0.22447,0.41174,1.0115,0.000657963,0.000657963,0.000657963
62,537.492,0.63296,2.31583,0.4399,0.64564,1.10619,0.9328,0.96426,0.97907,0.88064,0.78537,0.80767,0.78945,0.31711,0.48501,3.82916,0.20471,0.42264,1.00043,0.000648071,0.000648071,0.000648071
63,545.889,0.6141,2.27662,0.43844,0.63477,1.08776,0.94743,0.93337,0.96403,0.8658,0.77049,0.77057,0.7307,0.31782,0.4482,3.70805,0.22379,0.44069,0.96028,0.000638115,0.000638115,0.000638115
64,558.363,0.59591,2.26607,0.4328,0.61669,1.07242,0.96099,0.95517,0.9741,0.89811,0.79468,0.76824,0.72151,0.32069,0.43595,3.78326,0.19919,0.38913,0.9368,0.000628101,0.000628101,0.000628101
65,566.686,0.59141,2.2138,0.42237,0.60205,1.082,0.96487,0.96426,0.98494,0.90541,0.77398,0.77306,0.70391,0.28097,0.42693,3.88674,0.20801,0.38832,0.93613,0.000618034,0.000618034,0.000618034
66,575.173,0.62223,2.29678,0.42211,0.61762,1.09644,0.96903,0.97167,0.98663,0.90966,0.80688,0.78732,0.74113,0.31849,0.40607,3.738,0.1847,0.38844,0.92216,0.000607916,0.000607916,0.000607916
67,583.568,0.57745,2.27416,0.41882,0.58574,1.07109,0.97352,0.96021,0.98868,0.90418,0.85935,0.84432,0.80679,0.34425,0.42193,3.50845,0.20069,0.3671,0.91914,0.000597754,0.000597754,0.000597754
68,592.288,0.60266,2.22912,0.42599,0.62497,1.09522,0.97511,0.94639,0.9772,0.89955,0.86525,0.82195,0.79668,0.35581,0.43138,3.50347,0.2034,0.37953,0.93217,0.000587551,0.000587551,0.000587551
69,600.795,0.59152,2.19914,0.42697,0.60114,1.07821,0.9517,0.95765,0.98169,0.91377,0.78911,0.80035,0.74458,0.31915,0.38663,3.66341,0.20086,0.38256,0.91221,0.000577311,0.000577311,0.000577311
70,609.256,0.58661,2.23374,0.42887,0.59651,1.07437,0.96548,0.96013,0.9858,0.89944,0.77996,0.76368,0.7355,0.33685,0.44865,3.59012,0.20477,0.38041,0.95943,0.00056704,0.00056704,0.00056704
71,617.739,0.58103,2.23845,0.4191,0.59701,1.06522,0.95762,0.97407,0.98491,0.90382,0.78302,0.79191,0.73341,0.31227,0.39921,3.72884,0.20499,0.37862,0.91499,0.000556742,0.000556742,0.000556742
72,626.174,0.58214,2.24164,0.414,0.61641,1.07903,0.96117,0.97082,0.98173,0.91135,0.80457,0.77764,0.737,0.3397,0.39873,3.82719,0.21314,0.37765,0.91263,0.000546421,0.000546421,0.000546421
73,634.502,0.58703,2.37125,0.42432,0.59997,1.0695,0.98263,0.98168,0.98372,0.90481,0.83477,0.82086,0.76166,0.3411,0.45081,3.55261,0.19558,0.39179,0.94119,0.000536081,0.000536081,0.000536081
74,642.959,0.59318,2.20944,0.42721,0.59041,1.07025,0.96723,0.96131,0.98104,0.89389,0.84593,0.8104,0.79557,0.36517,0.45595,3.64217,0.19777,0.40661,0.95272,0.000525728,0.000525728,0.000525728
75,651.528,0.58989,2.24031,0.41858,0.58442,1.08101,0.95488,0.96872,0.98393,0.91827,0.82379,0.83514,0.80019,0.36041,0.41606,3.5476,0.19828,0.37333,0.92402,0.000515366,0.000515366,0.000515366
76,661.354,0.57787,2.24272,0.42349,0.57424,1.06854,0.97708,0.95346,0.98039,0.90925,0.85153,0.82993,0.81082,0.36197,0.40425,3.48944,0.21043,0.37076,0.92412,0.000505,0.000505,0.000505
77,669.679,0.58803,2.20689,0.41136,0.58718,1.07653,0.98088,0.96252,0.98477,0.90923,0.83582,0.81847,0.79928,0.35966,0.44738,3.67227,0.18874,0.36034,0.95439,0.000494634,0.000494634,0.000494634
78,678.095,0.5706,2.23953,0.4161,0.55617,1.0674,0.97369,0.95904,0.97658,0.91113,0.88826,0.8104,0.84833,0.37546,0.40505,3.52646,0.19528,0.36276,0.91631,0.000484272,0.000484272,0.000484272
79,686.694,0.56424,2.1508,0.41992,0.546,1.07137,0.97048,0.96252,0.97472,0.90962,0.84896,0.83982,0.81781,0.3848,0.4104,3.41977,0.20235,0.34666,0.93754,0.000473919,0.000473919,0.000473919
80,695.06,0.54628,2.1465,0.42209,0.53098,1.05005,0.97374,0.96627,0.98585,0.92112,0.85962,0.83175,0.83927,0.40066,0.40891,3.34594,0.20679,0.34439,0.93307,0.000463579,0.000463579,0.000463579
81,703.63,0.56787,2.13955,0.4048,0.5706,1.06282,0.97291,0.97233,0.9863,0.91822,0.84413,0.81804,0.779,0.34683,0.38008,3.51923,0.18973,0.34839,0.8993,0.000453258,0.000453258,0.000453258
82,712.116,0.54567,2.0935,0.41273,0.54986,1.0529,0.9532,0.96123,0.97985,0.92624,0.84143,0.84775,0.81695,0.3515,0.37081,3.50735,0.17975,0.3246,0.90639,0.00044296,0.00044296,0.00044296
83,720.573,0.54914,2.10528,0.40594,0.5362,1.05645,0.9612,0.94576,0.97257,0.9074,0.83165,0.83642,0.81529,0.36838,0.39455,3.51266,0.19766,0.35326,0.9202,0.000432689,0.000432689,0.000432689
84,729.069,0.53083,2.09517,0.41019,0.52462,1.04833,0.96148,0.98213,0.98691,0.92838,0.78871,0.80464,0.7813,0.3587,0.37039,3.57122,0.18931,0.32864,0.90763,0.000422449,0.000422449,0.000422449
85,737.445,0.54419,2.06375,0.40163,0.52937,1.04284,0.96167,0.96628,0.97788,0.9206,0.81944,0.82195,0.77988,0.36531,0.36976,3.57606,0.19702,0.3125,0.90468,0.000412246,0.000412246,0.000412246
86,745.923,0.54861,2.10024,0.40783,0.5255,1.05758,0.94877,0.98213,0.98322,0.92866,0.78888,0.82195,0.78604,0.35183,0.36321,3.52637,0.17496,0.31627,0.89932,0.000402084,0.000402084,0.000402084
87,754.3,0.53939,2.15976,0.40536,0.54493,1.05317,0.95489,0.98031,0.98246,0.93583,0.83369,0.85621,0.83639,0.37889,0.36451,3.41402,0.18736,0.31489,0.90436,0.000391966,0.000391966,0.000391966
88,762.741,0.51891,2.17771,0.39547,0.5176,1.02842,0.97367,0.98034,0.98537,0.91899,0.83236,0.83687,0.79075,0.36854,0.37563,3.45175,0.18748,0.31122,0.90513,0.000381899,0.000381899,0.000381899
89,771.189,0.52231,2.05439,0.40254,0.51552,1.03088,0.96108,0.9689,0.98551,0.9333,0.84238,0.83808,0.81317,0.3564,0.36749,3.51504,0.18043,0.3259,0.8988,0.000371885,0.000371885,0.000371885
90,779.585,0.5249,2.02162,0.39561,0.52095,1.04444,0.96726,0.98121,0.98381,0.92813,0.8405,0.85164,0.81616,0.36861,0.36028,3.41369,0.17578,0.31533,0.89765,0.000361929,0.000361929,0.000361929
91,788.081,0.51997,2.05164,0.38899,0.50083,1.02954,0.95479,0.98213,0.98548,0.92617,0.82045,0.83497,0.79619,0.35757,0.37748,3.41043,0.18554,0.31111,0.9106,0.000352037,0.000352037,0.000352037
92,796.534,0.5262,2.05475,0.39196,0.50747,1.03822,0.96113,0.96252,0.97986,0.92841,0.80953,0.8104,0.76399,0.34324,0.36188,3.57303,0.17863,0.32571,0.88337,0.000342211,0.000342211,0.000342211
93,804.911,0.52202,1.99715,0.39731,0.5097,1.03483,0.95847,0.97233,0.9816,0.93982,0.84711,0.86234,0.83172,0.3843,0.33392,3.35218,0.17165,0.31369,0.8725,0.000332457,0.000332457,0.000332457
94,813.48,0.51529,2.06941,0.3962,0.49455,1.02638,0.97833,0.97023,0.98805,0.93543,0.83412,0.82657,0.79006,0.3725,0.36067,3.3678,0.18472,0.30783,0.89158,0.000322778,0.000322778,0.000322778
95,821.756,0.53453,2.01665,0.38936,0.5182,1.04577,0.98194,0.96919,0.98436,0.94262,0.82949,0.81661,0.78902,0.3716,0.36003,3.38294,0.186,0.313,0.88187,0.00031318,0.00031318,0.00031318
96,830.361,0.4999,1.98141,0.3864,0.49342,1.02289,0.98202,0.97606,0.98705,0.9468,0.82935,0.83047,0.80203,0.38844,0.34074,3.44608,0.17387,0.29596,0.87204,0.000303665,0.000303665,0.000303665
97,838.842,0.51959,2.01166,0.38454,0.50501,1.03587,0.97995,0.98213,0.98848,0.94461,0.8236,0.82369,0.79019,0.38615,0.34849,3.43348,0.17658,0.31717,0.88209,0.000294239,0.000294239,0.000294239
98,847.303,0.50091,1.97592,0.38135,0.49683,1.03175,0.96951,0.97636,0.98747,0.94091,0.84879,0.85394,0.839,0.39305,0.3374,3.33951,0.17718,0.30592,0.87843,0.000284906,0.000284906,0.000284906
99,855.679,0.49761,1.87344,0.38175,0.49304,1.03506,0.98099,0.98213,0.98804,0.94869,0.8452,0.84614,0.84946,0.40532,0.32171,3.31453,0.17386,0.28498,0.86533,0.000275668,0.000275668,0.000275668
100,864.009,0.51775,1.90316,0.39096,0.49186,1.03679,0.98178,0.98213,0.98814,0.94572,0.87427,0.87381,0.8601,0.39328,0.34771,3.26301,0.17724,0.30316,0.88135,0.000266532,0.000266532,0.000266532
101,872.471,0.47853,1.89749,0.38622,0.4935,1.02378,0.97261,0.97417,0.98909,0.94152,0.87428,0.88362,0.85912,0.39348,0.34671,3.21163,0.18213,0.2905,0.88031,0.0002575,0.0002575,0.0002575
102,880.938,0.49332,1.88874,0.38138,0.48026,1.0266,0.97552,0.97233,0.98909,0.94917,0.86649,0.86227,0.85234,0.41323,0.34478,3.28696,0.19151,0.29024,0.87599,0.000248577,0.000248577,0.000248577
103,889.54,0.49549,1.97418,0.37294,0.46496,1.02132,0.96543,0.98213,0.98746,0.94534,0.8259,0.83808,0.80265,0.38992,0.3412,3.35831,0.18781,0.28011,0.87111,0.000239766,0.000239766,0.000239766
104,898.002,0.49774,1.92611,0.37687,0.47784,1.02799,0.96643,0.98191,0.98886,0.94188,0.8292,0.83982,0.80373,0.39588,0.34285,3.28688,0.18265,0.2809,0.88075,0.000231071,0.000231071,0.000231071
105,906.347,0.49138,1.91686,0.37864,0.47434,1.02473,0.96774,0.97233,0.9882,0.94402,0.85163,0.85421,0.84097,0.40755,0.33848,3.27673,0.17771,0.27512,0.88357,0.000222497,0.000222497,0.000222497
106,914.751,0.49218,1.92586,0.38546,0.47554,1.02758,0.99101,0.96095,0.98785,0.93866,0.80906,0.8104,0.76382,0.37016,0.34201,3.41731,0.18094,0.28359,0.88462,0.000214046,0.000214046,0.000214046
107,923.107,0.46973,1.92572,0.37427,0.44375,1.00921,0.96493,0.98128,0.98802,0.94617,0.82049,0.83114,0.78604,0.39297,0.32219,3.30682,0.18106,0.27744,0.87062,0.000205723,0.000205723,0.000205723
108,931.559,0.46908,1.95189,0.37301,0.44596,1.00382,0.96917,0.97945,0.98988,0.94408,0.84575,0.85595,0.82781,0.3963,0.33861,3.25507,0.17576,0.27525,0.87656,0.000197532,0.000197532,0.000197532
109,940.028,0.46558,1.88671,0.37364,0.45183,1.00727,0.97901,0.97651,0.98884,0.94576,0.84984,0.84946,0.81845,0.3894,0.32747,3.24078,0.16967,0.27593,0.86956,0.000189475,0.000189475,0.000189475
110,949.248,0.46279,1.89623,0.36917,0.44951,1.00471,0.97318,0.97796,0.9857,0.94435,0.80591,0.81102,0.78522,0.38303,0.32931,3.40297,0.17507,0.27385,0.87392,0.000181557,0.000181557,0.000181557
111,957.666,0.46551,1.92061,0.37605,0.4502,1.01108,0.97656,0.9736,0.98541,0.9457,0.80234,0.81297,0.77282,0.38867,0.31851,3.41461,0.17113,0.26894,0.86485,0.00017378,0.00017378,0.00017378
112,966.119,0.4867,1.86516,0.37851,0.46901,1.02894,0.97637,0.97422,0.98954,0.93781,0.8147,0.782,0.76884,0.37064,0.32327,3.42119,0.16283,0.27399,0.85754,0.000166149,0.000166149,0.000166149
113,974.536,0.46952,1.87506,0.37894,0.45556,1.01075,0.9717,0.98213,0.99113,0.94665,0.83254,0.83982,0.81853,0.39353,0.31491,3.28928,0.16869,0.26955,0.85557,0.000158667,0.000158667,0.000158667
114,982.914,0.47116,1.75907,0.3687,0.47249,1.01925,0.97433,0.98213,0.99098,0.95445,0.84308,0.84788,0.81688,0.39036,0.30952,3.28752,0.18267,0.25978,0.85557,0.000151336,0.000151336,0.000151336
115,995.332,0.46033,1.90564,0.36978,0.45155,1.0114,0.97374,0.98213,0.99102,0.9472,0.81928,0.82369,0.79178,0.3842,0.31132,3.35441,0.17462,0.26536,0.86083,0.000144161,0.000144161,0.000144161
116,1003.77,0.45728,1.89949,0.36587,0.44852,1.00517,0.97038,0.98213,0.99135,0.95522,0.87075,0.88188,0.87446,0.41495,0.30931,3.24444,0.18062,0.25735,0.85714,0.000137143,0.000137143,0.000137143
117,1013.37,0.45162,1.88528,0.37454,0.44273,1.0073,0.97565,0.98213,0.98884,0.95613,0.85063,0.85595,0.8464,0.40324,0.30086,3.26315,0.17348,0.25547,0.85314,0.000130287,0.000130287,0.000130287
118,1021.79,0.44577,1.85004,0.36635,0.42798,1.00042,0.97339,0.98119,0.98815,0.94297,0.83149,0.83781,0.79768,0.38299,0.31185,3.33076,0.17373,0.26001,0.86221,0.000123596,0.000123596,0.000123596
119,1030.17,0.45027,1.92149,0.36501,0.4359,0.99391,0.97826,0.98213,0.98707,0.94186,0.86181,0.86401,0.84153,0.39348,0.30898,3.27438,0.17005,0.2599,0.86709,0.000117072,0.000117072,0.000117072
120,1038.77,0.43187,1.88869,0.35834,0.42286,0.99273,0.97944,0.98042,0.98528,0.93765,0.829,0.82897,0.79781,0.39331,0.32471,3.3569,0.17464,0.26306,0.87744,0.000110718,0.000110718,0.000110718
121,1047.06,0.4386,1.88247,0.36309,0.42803,0.99335,0.98101,0.97663,0.98559,0.94281,0.85271,0.84912,0.83705,0.40536,0.31486,3.25229,0.17628,0.26562,0.86708,0.000104537,0.000104537,0.000104537
122,1055.46,0.43906,1.87366,0.35989,0.42396,0.98989,0.98121,0.97589,0.98787,0.94173,0.83705,0.83246,0.81321,0.39762,0.31557,3.27062,0.18119,0.25995,0.86958,9.85311e-05,9.85311e-05,9.85311e-05
123,1063.86,0.43454,1.82629,0.37111,0.42294,0.99245,0.97927,0.98045,0.98865,0.93929,0.83673,0.83735,0.82098,0.39603,0.32056,3.3332,0.17948,0.25685,0.88054,9.2704e-05,9.2704e-05,9.2704e-05
124,1072.44,0.44201,1.81243,0.36561,0.42884,1.00665,0.97592,0.97964,0.98778,0.93745,0.86192,0.86423,0.84675,0.40565,0.31827,3.22901,0.18163,0.26154,0.87348,8.70577e-05,8.70577e-05,8.70577e-05
125,1080.9,0.42719,1.83334,0.35943,0.42693,0.98719,0.98125,0.97394,0.98841,0.93858,0.85646,0.84998,0.82722,0.39905,0.31896,3.25487,0.17888,0.26487,0.86715,8.15947e-05,8.15947e-05,8.15947e-05
126,1089.31,0.44629,1.82521,0.35355,0.42633,0.99808,0.98016,0.9749,0.98849,0.94141,0.85732,0.85061,0.83262,0.39977,0.31196,3.2592,0.17682,0.26086,0.86618,7.63174e-05,7.63174e-05,7.63174e-05
127,1097.75,0.43607,1.83068,0.35947,0.42262,0.9939,0.97292,0.97576,0.98881,0.94209,0.8375,0.84019,0.825,0.39645,0.30868,3.29662,0.17531,0.25555,0.86536,7.12282e-05,7.12282e-05,7.12282e-05
128,1106.19,0.43325,1.86047,0.3526,0.4209,0.99232,0.97657,0.97557,0.98905,0.94533,0.85728,0.85596,0.84431,0.40385,0.30895,3.32696,0.17623,0.25201,0.86482,6.63292e-05,6.63292e-05,6.63292e-05
129,1114.61,0.43352,1.85872,0.35203,0.42147,0.99086,0.98411,0.97334,0.98871,0.94612,0.83932,0.8364,0.8283,0.39691,0.30861,3.34681,0.18205,0.25087,0.86111,6.16227e-05,6.16227e-05,6.16227e-05
130,1123.19,0.4431,1.77403,0.3598,0.43732,1.00224,0.98411,0.97391,0.98856,0.94387,0.84601,0.84591,0.84041,0.40675,0.30593,3.33158,0.17994,0.25047,0.85824,5.71106e-05,5.71106e-05,5.71106e-05
131,1131.62,0.43436,1.791,0.36074,0.40875,0.99289,0.97703,0.97994,0.98967,0.94843,0.84479,0.85144,0.84066,0.40954,0.3002,3.29589,0.17908,0.24357,0.85731,5.2795e-05,5.2795e-05,5.2795e-05
132,1140.5,0.43357,1.78195,0.35125,0.42965,0.99229,0.97827,0.98213,0.99033,0.94322,0.8431,0.84614,0.82355,0.40529,0.30494,3.24055,0.17709,0.24593,0.86347,4.86777e-05,4.86777e-05,4.86777e-05
133,1148.89,0.43677,1.79501,0.35759,0.41734,1.00208,0.99077,0.97871,0.99079,0.94451,0.85803,0.85217,0.83502,0.41121,0.30742,3.29847,0.17481,0.24462,0.86375,4.47606e-05,4.47606e-05,4.47606e-05
134,1157.38,0.42393,1.82598,0.35463,0.42357,0.99295,0.98427,0.97964,0.99066,0.94244,0.84023,0.84341,0.82006,0.39702,0.30781,3.33499,0.17289,0.23995,0.8641,4.10454e-05,4.10454e-05,4.10454e-05
135,1165.81,0.42444,1.84297,0.35022,0.40469,0.98776,0.97991,0.98045,0.99047,0.94212,0.84695,0.84065,0.81895,0.39335,0.31162,3.33933,0.17456,0.24262,0.86952,3.75337e-05,3.75337e-05,3.75337e-05
136,1176.06,0.29616,2.93435,0.18051,0.27171,0.91276,0.97861,0.98213,0.9898,0.94343,0.85573,0.85595,0.82922,0.39609,0.31483,3.31055,0.17633,0.2502,0.86919,3.4227e-05,3.4227e-05,3.4227e-05
137,1184.46,0.2829,2.90933,0.1719,0.25615,0.89717,0.97886,0.98213,0.98932,0.94544,0.82834,0.83001,0.80794,0.39599,0.31347,3.38496,0.17287,0.25668,0.87047,3.11268e-05,3.11268e-05,3.11268e-05
138,1193.05,0.27611,2.91643,0.17072,0.24255,0.89251,0.97974,0.98213,0.98879,0.93987,0.8378,0.83982,0.82617,0.40679,0.31967,3.32831,0.17093,0.26441,0.87762,2.82345e-05,2.82345e-05,2.82345e-05
139,1201.45,0.27027,2.88489,0.16589,0.23405,0.8845,0.97594,0.98213,0.98653,0.93766,0.83623,0.83982,0.82765,0.40472,0.32439,3.30725,0.17044,0.26363,0.88183,2.55513e-05,2.55513e-05,2.55513e-05
140,1209.77,0.27299,2.81483,0.16262,0.23943,0.88911,0.97563,0.98213,0.98638,0.93625,0.84381,0.84788,0.83909,0.40658,0.32458,3.3171,0.16688,0.26454,0.88266,2.30784e-05,2.30784e-05,2.30784e-05
141,1218.12,0.26608,2.85954,0.16801,0.23808,0.87579,0.97805,0.98213,0.98616,0.93945,0.85004,0.84788,0.83867,0.40794,0.3239,3.31531,0.16505,0.27004,0.88053,2.08169e-05,2.08169e-05,2.08169e-05
142,1226.44,0.26624,2.84508,0.15712,0.22873,0.86986,0.97587,0.98213,0.98621,0.9367,0.84401,0.84788,0.83954,0.40681,0.32893,3.30916,0.16427,0.27011,0.88576,1.87678e-05,1.87678e-05,1.87678e-05
143,1234.85,0.26684,2.83454,0.15941,0.23374,0.87156,0.97578,0.98213,0.98653,0.93639,0.84396,0.84788,0.84027,0.40523,0.32832,3.30298,0.16323,0.26619,0.88719,1.6932e-05,1.6932e-05,1.6932e-05
144,1243.22,0.26454,2.8143,0.15719,0.2305,0.87885,0.97614,0.98213,0.98676,0.94071,0.82854,0.83175,0.82084,0.40367,0.32328,3.30875,0.16333,0.26402,0.88128,1.53102e-05,1.53102e-05,1.53102e-05
145,1251.67,0.26488,2.79175,0.1567,0.23451,0.87445,0.97608,0.98213,0.98681,0.94127,0.84418,0.84788,0.84266,0.4112,0.32431,3.30854,0.16272,0.26259,0.88409,1.39032e-05,1.39032e-05,1.39032e-05
146,1260.08,0.2658,2.80142,0.15719,0.22692,0.87481,0.97631,0.98213,0.98682,0.94092,0.83641,0.83982,0.83454,0.4072,0.31617,3.29865,0.16111,0.25954,0.87568,1.27117e-05,1.27117e-05,1.27117e-05
147,1268.52,0.26656,2.80488,0.16579,0.23103,0.88447,0.97617,0.98213,0.98687,0.94,0.83638,0.83982,0.83334,0.40834,0.31618,3.30464,0.16116,0.26079,0.87432,1.1736e-05,1.1736e-05,1.1736e-05
148,1276.89,0.25769,2.78377,0.14847,0.22039,0.87732,0.97767,0.98213,0.9869,0.94213,0.83649,0.83982,0.83209,0.40729,0.31345,3.30575,0.1621,0.25744,0.87234,1.09768e-05,1.09768e-05,1.09768e-05
149,1285.19,0.26001,2.77098,0.15641,0.2304,0.8645,0.98379,0.98197,0.98668,0.94439,0.84651,0.84962,0.84423,0.41178,0.31338,3.27208,0.16182,0.25861,0.87223,1.04342e-05,1.04342e-05,1.04342e-05
150,1293.6,0.25814,2.80738,0.15434,0.22563,0.87301,0.97637,0.98213,0.98639,0.94232,0.84428,0.84788,0.8392,0.40926,0.31325,3.28621,0.16186,0.25942,0.87121,1.01086e-05,1.01086e-05,1.01086e-05
